Problem,seed,dim,Mean,Variance
1.0,1.0,625.0,625.0,0.0
3.0,1.0,625.0,195625.0,0.0
14.0,1.0,625.0,51.766666666666666,48.778888888888886
15.0,1.0,625.0,40.233333333333334,2.7122222222222216
17.0,1.0,625.0,38.36666666666667,8.965555555555557
20.0,1.0,625.0,1101.1333333333334,639.1155555555555
